id,pregunta,asignatura,curso,tema,foco_auto,criterio_auto,confianza,foco_final,criterio_final,verificado,notas_revisor
cuarto-primaria-galicia-PARTE1_38,¿Qué fracción representa la mitad?,Sin especificar,4º Primaria,Fracciones,PROCEDIMIENTO,,0.44,PROCEDIMIENTO,,true,
cuarto-primaria-galicia-PARTE1_39,¿Qué fracción representa un cuarto?,Sin especificar,4º Primaria,Fracciones,PROCEDIMIENTO,,0.44,PROCEDIMIENTO,,true,
cuarto-primaria-galicia-PARTE1_42,"Si coloreas 2 partes de 4, ¿qué fracción has coloreado?",Sin especificar,4º Primaria,Fracciones,PROCEDIMIENTO,,0.44,PROCEDIMIENTO,,true,
cuarto-primaria-galicia-PARTE1_45,¿Qué fracción representa un tercio?,Sin especificar,4º Primaria,Fracciones,PROCEDIMIENTO,,0.44,PROCEDIMIENTO,,true,
cuarto-primaria-galicia-PARTE1_48,"Si juntas 1/4 + 1/4, ¿qué fracción tienes?",Sin especificar,4º Primaria,Fracciones,PROCEDIMIENTO,,0.44,PROCEDIMIENTO,,true,
cuarto-primaria-galicia-PARTE1_54,"Una película dura 2 horas y 15 minutos. Si empieza a las 4:30, ¿a qué hora termina?",Sin especificar,4º Primaria,Problemas,PROCEDIMIENTO,,0.44,PROCEDIMIENTO,,true,
cuarto-primaria-galicia-PARTE1_69,"Separa correctamente: ""Micasaesgrande""",Sin especificar,4º Primaria,Lengua Castellana,PROCEDIMIENTO,,0.44,PROCEDIMIENTO,,true,
cuarto-primaria-galicia-PARTE1_70,"Añade el punto: ""Hoy hace buen día""",Sin especificar,4º Primaria,Lengua Castellana,PROCEDIMIENTO,,0.44,PROCEDIMIENTO,,true,
cuarto-primaria-galicia-PARTE1_71,"Añade comas: ""Compré pan leche queso y jamón""",Sin especificar,4º Primaria,Lengua Castellana,PROCEDIMIENTO,,0.44,PROCEDIMIENTO,,true,
cuarto-primaria-galicia-PARTE1_72,"¿Cuál lleva tilde: ""Ratón"" o ""Mesa""?",Sin especificar,4º Primaria,Lengua Castellana,PROCEDIMIENTO,,0.44,PROCEDIMIENTO,,true,
cuarto-primaria-galicia-PARTE2_1,¿Cuáles son las 3 funciones vitales de los seres vivos?,Sin especificar,4º Primaria,Ciencias de la Naturaleza,PROCEDIMIENTO,,0.44,PROCEDIMIENTO,,true,
cuarto-primaria-galicia-PARTE2_2,Di 3 animales vertebrados,Sin especificar,4º Primaria,Ciencias de la Naturaleza,PROCEDIMIENTO,,0.44,PROCEDIMIENTO,,true,
cuarto-primaria-galicia-PARTE2_3,¿Qué necesitan las plantas para hacer la fotosíntesis?,Sin especificar,4º Primaria,Ciencias de la Naturaleza,PROCEDIMIENTO,,0.44,PROCEDIMIENTO,,true,
cuarto-primaria-galicia-PARTE2_4,"Ordena la cadena: León, cebra, hierba",Sin especificar,4º Primaria,Ciencias de la Naturaleza,PROCEDIMIENTO,,0.44,PROCEDIMIENTO,,true,
cuarto-primaria-galicia-PARTE2_5,Di 2 animales herbívoros,Sin especificar,4º Primaria,Ciencias de la Naturaleza,PROCEDIMIENTO,,0.44,PROCEDIMIENTO,,true,
cuarto-primaria-galicia-PARTE2_6,Di 2 animales carnívoros,Sin especificar,4º Primaria,Ciencias de la Naturaleza,PROCEDIMIENTO,,0.44,PROCEDIMIENTO,,true,
cuarto-primaria-galicia-PARTE2_7,¿Qué come un animal omnívoro?,Sin especificar,4º Primaria,Ciencias de la Naturaleza,PROCEDIMIENTO,,0.44,PROCEDIMIENTO,,true,
cuarto-primaria-galicia-PARTE2_8,¿Cuáles son las partes principales de una planta?,Sin especificar,4º Primaria,Ciencias de la Naturaleza,PROCEDIMIENTO,,0.44,PROCEDIMIENTO,,true,
cuarto-primaria-galicia-PARTE2_9,Di un animal típico de los bosques gallegos,Sin especificar,4º Primaria,Ciencias de la Naturaleza,PROCEDIMIENTO,,0.44,PROCEDIMIENTO,,true,
cuarto-primaria-galicia-PARTE2_11,¿Qué gas respiramos las personas?,Sin especificar,4º Primaria,Ciencias de la Naturaleza,PROCEDIMIENTO,,0.44,PROCEDIMIENTO,,true,
cuarto-primaria-galicia-PARTE2_12,Di 2 animales que nacen de huevo,Sin especificar,4º Primaria,Ciencias de la Naturaleza,PROCEDIMIENTO,,0.44,PROCEDIMIENTO,,true,
cuarto-primaria-galicia-PARTE2_38,Di las 4 provincias de Galicia,Sin especificar,4º Primaria,Ciencias Sociales,PROCEDIMIENTO,,0.44,PROCEDIMIENTO,,true,
cuarto-primaria-galicia-PARTE2_39,Di 2 ríos de Galicia,Sin especificar,4º Primaria,Ciencias Sociales,PROCEDIMIENTO,,0.44,PROCEDIMIENTO,,true,
cuarto-primaria-galicia-PARTE2_40,¿Qué mar baña Galicia?,Sin especificar,4º Primaria,Ciencias Sociales,PROCEDIMIENTO,,0.44,PROCEDIMIENTO,,true,
cuarto-primaria-galicia-PARTE2_41,Di 3 ciudades importantes de Galicia,Sin especificar,4º Primaria,Ciencias Sociales,PROCEDIMIENTO,,0.44,PROCEDIMIENTO,,true,
cuarto-primaria-galicia-PARTE2_42,¿A dónde llega el Camino de Santiago?,Sin especificar,4º Primaria,Ciencias Sociales,PROCEDIMIENTO,,0.44,PROCEDIMIENTO,,true,
cuarto-primaria-galicia-PARTE2_43,¿De qué colores es la bandera de Galicia?,Sin especificar,4º Primaria,Ciencias Sociales,PROCEDIMIENTO,,0.44,PROCEDIMIENTO,,true,
cuarto-primaria-galicia-PARTE2_44,Di 2 platos típicos de Galicia,Sin especificar,4º Primaria,Ciencias Sociales,PROCEDIMIENTO,,0.44,PROCEDIMIENTO,,true,
cuarto-primaria-galicia-PARTE2_45,¿Cuándo es el Día de Galicia?,Sin especificar,4º Primaria,Ciencias Sociales,PROCEDIMIENTO,,0.44,PROCEDIMIENTO,,true,
cuarto-primaria-galicia-PARTE2_46,Di un paisaje típico de Galicia,Sin especificar,4º Primaria,Ciencias Sociales,PROCEDIMIENTO,,0.44,PROCEDIMIENTO,,true,
cuarto-primaria-galicia-PARTE2_47,¿Qué instrumento musical es típico de Galicia?,Sin especificar,4º Primaria,Ciencias Sociales,PROCEDIMIENTO,,0.44,PROCEDIMIENTO,,true,
cuarto-primaria-galicia-PARTE2_48,¿Cómo se llamaban los antiguos habitantes de Galicia?,Sin especificar,4º Primaria,Ciencias Sociales,PROCEDIMIENTO,,0.44,PROCEDIMIENTO,,true,
cuarto-primaria-galicia-PARTE2_61,"How do you say ""cinco"" in English?",Sin especificar,4º Primaria,Inglés,PROCEDIMIENTO,,0.44,PROCEDIMIENTO,,true,
cuarto-primaria-galicia-PARTE2_62,"How do you say ""quince"" in English?",Sin especificar,4º Primaria,Inglés,PROCEDIMIENTO,,0.44,PROCEDIMIENTO,,true,
cuarto-primaria-galicia-PARTE2_63,Count from 1 to 5 in English,Sin especificar,4º Primaria,Inglés,PROCEDIMIENTO,,0.44,PROCEDIMIENTO,,true,
cuarto-primaria-galicia-PARTE2_64,"Complete: ""How ______ apples?",Sin especificar,4º Primaria,Inglés,PROCEDIMIENTO,,0.44,PROCEDIMIENTO,,true,
cuarto-primaria-galicia-PARTE2_65,"How do you say ""treinta"" in English?",Sin especificar,4º Primaria,Inglés,PROCEDIMIENTO,,0.44,PROCEDIMIENTO,,true,
cuarto-primaria-galicia-PARTE2_67,"How do you say ""primero"" in English?",Sin especificar,4º Primaria,Inglés,PROCEDIMIENTO,,0.44,PROCEDIMIENTO,,true,
cuarto-primaria-galicia-PARTE2_68,"How do you say ""segundo"" in English?",Sin especificar,4º Primaria,Inglés,PROCEDIMIENTO,,0.44,PROCEDIMIENTO,,true,
cuarto-primaria-galicia-PARTE2_69,"How do you say ""tercero"" in English?",Sin especificar,4º Primaria,Inglés,PROCEDIMIENTO,,0.44,PROCEDIMIENTO,,true,
cuarto-primaria-galicia-PARTE2_71,"How do you say ""rojo"" in English?",Ciencias Naturales,4º Primaria,Colors and Animals,PROCEDIMIENTO,,0.44,PROCEDIMIENTO,,true,
cuarto-primaria-galicia-PARTE2_72,"How do you say ""azul"" in English?",Ciencias Naturales,4º Primaria,Colors and Animals,PROCEDIMIENTO,,0.44,PROCEDIMIENTO,,true,
cuarto-primaria-galicia-PARTE2_73,"How do you say ""perro"" in English?",Ciencias Naturales,4º Primaria,Colors and Animals,PROCEDIMIENTO,,0.44,PROCEDIMIENTO,,true,
cuarto-primaria-galicia-PARTE2_74,"How do you say ""gato"" in English?",Ciencias Naturales,4º Primaria,Colors and Animals,PROCEDIMIENTO,,0.44,PROCEDIMIENTO,,true,
cuarto-primaria-galicia-PARTE2_75,Name 3 farm animals in English,Ciencias Naturales,4º Primaria,Colors and Animals,PROCEDIMIENTO,,0.44,PROCEDIMIENTO,,true,
cuarto-primaria-galicia-PARTE2_76,"How do you say ""león"" in English?",Ciencias Naturales,4º Primaria,Colors and Animals,PROCEDIMIENTO,,0.44,PROCEDIMIENTO,,true,
cuarto-primaria-galicia-PARTE2_77,"How do you ask ""¿Tienes mascota?""",Ciencias Naturales,4º Primaria,Colors and Animals,PROCEDIMIENTO,,0.44,PROCEDIMIENTO,,true,
cuarto-primaria-galicia-PARTE2_78,"Complete: ""My cat is ______"" (negro)",Ciencias Naturales,4º Primaria,Colors and Animals,PROCEDIMIENTO,,0.44,PROCEDIMIENTO,,true,
cuarto-primaria-galicia-PARTE2_79,"How do you say ""grande"" in English?",Ciencias Naturales,4º Primaria,Colors and Animals,PROCEDIMIENTO,,0.44,PROCEDIMIENTO,,true,
cuarto-primaria-galicia-PARTE2_80,"How do you say ""pequeño"" in English?",Ciencias Naturales,4º Primaria,Colors and Animals,PROCEDIMIENTO,,0.44,PROCEDIMIENTO,,true,
cuarto-primaria-galicia-PARTE2_81,"How do you say ""Me gustan los perros""?",Ciencias Naturales,4º Primaria,Colors and Animals,PROCEDIMIENTO,,0.44,PROCEDIMIENTO,,true,
EJEMPLO-EJERCICIOS-NC_4,¿Cuánto es 1/2 + 1/4?,Sin especificar,Sin especificar,Matemáticas,PROCEDIMIENTO,,0.46,PROCEDIMIENTO,,true,
EJEMPLO-EJERCICIOS-NC_1,¿Quién descubrió América?,Sin especificar,Sin especificar,Ciencias Sociales,CONCEPTO,,0.48,CONCEPTO,,true,
EJEMPLO-EJERCICIOS-NC_2,¿Cuál fue la primera civilización de la Península Ibérica?,Sin especificar,Sin especificar,Ciencias Sociales,CONCEPTO,,0.48,CONCEPTO,,true,
EJEMPLO-EJERCICIOS-NC_3,¿Cuál es el río más largo de España?,Ciencias Sociales,Sin especificar,Geografía - Material Libre,CONCEPTO,,0.48,CONCEPTO,,true,
cuarto-primaria-galicia-PARTE1_1,Calcula: 7 × 8,Sin especificar,4º Primaria,Matemáticas,PROCEDIMIENTO,,0.52,PROCEDIMIENTO,,true,
cuarto-primaria-galicia-PARTE1_2,Calcula: 34 × 10,Sin especificar,4º Primaria,Matemáticas,PROCEDIMIENTO,,0.52,PROCEDIMIENTO,,true,
cuarto-primaria-galicia-PARTE1_3,Calcula: 25 × 100,Sin especificar,4º Primaria,Matemáticas,PROCEDIMIENTO,,0.52,PROCEDIMIENTO,,true,
cuarto-primaria-galicia-PARTE1_4,Calcula: 23 × 12,Sin especificar,4º Primaria,Matemáticas,PROCEDIMIENTO,,0.52,PROCEDIMIENTO,,true,
cuarto-primaria-galicia-PARTE1_5,"En una caja hay 24 lápices. Si compras 5 cajas, ¿cuántos lápices tienes?",Sin especificar,4º Primaria,Matemáticas,APLICACION,,0.52,APLICACION,,true,
cuarto-primaria-galicia-PARTE1_6,Calcula: 47 × 6,Sin especificar,4º Primaria,Matemáticas,PROCEDIMIENTO,,0.52,PROCEDIMIENTO,,true,
cuarto-primaria-galicia-PARTE1_10,"Un paquete de cromos cuesta 3€. Si compras 15 paquetes, ¿cuánto pagas?",Sin especificar,4º Primaria,Matemáticas,APLICACION,,0.52,APLICACION,,true,
cuarto-primaria-galicia-PARTE1_11,Calcula: 18 × 5,Sin especificar,4º Primaria,Matemáticas,PROCEDIMIENTO,,0.52,PROCEDIMIENTO,,true,
cuarto-primaria-galicia-PARTE1_37,"Si divides una tarta en 8 partes y coges 3, ¿qué fracción has cogido?",Sin especificar,4º Primaria,Fracciones,PROCEDIMIENTO,,0.52,PROCEDIMIENTO,,true,
cuarto-primaria-galicia-PARTE1_41,¿Cuánto es 1/2 de 10 caramelos?,Sin especificar,4º Primaria,Fracciones,PROCEDIMIENTO,,0.52,PROCEDIMIENTO,,true,
cuarto-primaria-galicia-PARTE1_43,"Una pizza está dividida en 6 trozos. Te comes 2, ¿qué fracción te has comido?",Sin especificar,4º Primaria,Fracciones,APLICACION,,0.52,APLICACION,,true,
cuarto-primaria-galicia-PARTE1_44,¿Cuántos cuartos hay en una mitad?,Sin especificar,4º Primaria,Fracciones,PROCEDIMIENTO,,0.52,PROCEDIMIENTO,,true,
cuarto-primaria-galicia-PARTE1_46,"En una clase de 24 niños, 1/4 son rubios. ¿Cuántos niños son rubios?",Sin especificar,4º Primaria,Fracciones,PROCEDIMIENTO,,0.52,PROCEDIMIENTO,,true,
cuarto-primaria-galicia-PARTE1_49,María tiene 145 cromos y su hermano 87. ¿Cuántos tienen entre los dos?,Sin especificar,4º Primaria,Problemas,APLICACION,,0.52,APLICACION,,true,
cuarto-primaria-galicia-PARTE1_50,En una tienda había 500 caramelos. Vendieron 237. ¿Cuántos quedan?,Sin especificar,4º Primaria,Problemas,APLICACION,,0.52,APLICACION,,true,
cuarto-primaria-galicia-PARTE1_51,Un paquete de galletas cuesta 2€. ¿Cuánto cuestan 12 paquetes?,Sin especificar,4º Primaria,Problemas,APLICACION,,0.52,APLICACION,,true,
cuarto-primaria-galicia-PARTE1_52,Reparte 60 gominolas entre 5 niños. ¿Cuántas le tocan a cada uno?,Sin especificar,4º Primaria,Problemas,APLICACION,,0.52,APLICACION,,true,
cuarto-primaria-galicia-PARTE1_53,Compras 3 libros a 8€ cada uno. Pagas con un billete de 50€. ¿Cuánto te devuelven?,Sin especificar,4º Primaria,Problemas,PROCEDIMIENTO,,0.52,PROCEDIMIENTO,,true,
cuarto-primaria-galicia-PARTE1_55,Tienes 3 monedas de 2€ y 5 monedas de 1€. ¿Cuánto dinero tienes?,Sin especificar,4º Primaria,Problemas,PROCEDIMIENTO,,0.52,PROCEDIMIENTO,,true,
cuarto-primaria-galicia-PARTE1_56,Un lápiz mide 18 cm. ¿Cuánto miden 4 lápices puestos en fila?,Sin especificar,4º Primaria,Problemas,PROCEDIMIENTO,,0.52,PROCEDIMIENTO,,true,
cuarto-primaria-galicia-PARTE1_57,Ana tiene 156 cromos y Luis 98. ¿Cuántos cromos más tiene Ana?,Sin especificar,4º Primaria,Problemas,PROCEDIMIENTO,,0.52,PROCEDIMIENTO,,true,
cuarto-primaria-galicia-PARTE1_58,Tienes 50€. Gastas 18€ en un juego y 12€ en un libro. ¿Cuánto te queda?,Sin especificar,4º Primaria,Problemas,PROCEDIMIENTO,,0.52,PROCEDIMIENTO,,true,
cuarto-primaria-galicia-PARTE1_59,"Si 6 bolígrafos cuestan 18€, ¿cuánto cuesta cada bolígrafo?",Sin especificar,4º Primaria,Problemas,APLICACION,,0.52,APLICACION,,true,
cuarto-primaria-galicia-PARTE1_60,En una granja hay 25 gallinas. Cada gallina pone 6 huevos a la semana. ¿Cuántos huevos ponen en tota,Sin especificar,4º Primaria,Problemas,APLICACION,,0.52,APLICACION,,true,
cuarto-primaria-galicia-PARTE1_61,"Escribe correctamente: ""mi primo pablo vive en santiago""",Sin especificar,4º Primaria,Lengua Castellana,PROCEDIMIENTO,,0.52,PROCEDIMIENTO,,true,
cuarto-primaria-galicia-PARTE1_62,¿Cómo se escribe: ca_po o ca_bo?,Sin especificar,4º Primaria,Lengua Castellana,PROCEDIMIENTO,,0.52,PROCEDIMIENTO,,true,
cuarto-primaria-galicia-PARTE1_63,¿Cómo se escribe: pue_lo o pue_ro?,Sin especificar,4º Primaria,Lengua Castellana,PROCEDIMIENTO,,0.52,PROCEDIMIENTO,,true,
cuarto-primaria-galicia-PARTE1_64,"Escribe correctamente: ""Donde vives""",Sin especificar,4º Primaria,Lengua Castellana,PROCEDIMIENTO,,0.52,PROCEDIMIENTO,,true,
cuarto-primaria-galicia-PARTE1_65,"Escribe correctamente: ""Que bonito""",Sin especificar,4º Primaria,Lengua Castellana,PROCEDIMIENTO,,0.52,PROCEDIMIENTO,,true,
cuarto-primaria-galicia-PARTE1_66,¿Cómo se escribe: _uevo o _ueso?,Sin especificar,4º Primaria,Lengua Castellana,PROCEDIMIENTO,,0.52,PROCEDIMIENTO,,true,
cuarto-primaria-galicia-PARTE1_67,¿Cómo se escribe: _irafa o _irafa?,Sin especificar,4º Primaria,Lengua Castellana,PROCEDIMIENTO,,0.52,PROCEDIMIENTO,,true,
cuarto-primaria-galicia-PARTE1_68,¿Cómo se escribe: _ereza o _ereza?,Sin especificar,4º Primaria,Lengua Castellana,PROCEDIMIENTO,,0.52,PROCEDIMIENTO,,true,
cuarto-primaria-galicia-PARTE2_66,"How do you ask ""¿Cuántos años tienes?""",Sin especificar,4º Primaria,Inglés,PROCEDIMIENTO,,0.52,PROCEDIMIENTO,,true,
cuarto-primaria-galicia-PARTE2_70,"How do you ask ""¿Cuánto cuesta?""",Sin especificar,4º Primaria,Inglés,PROCEDIMIENTO,,0.52,PROCEDIMIENTO,,true,
cuarto-primaria-galicia-PARTE1_7,¿Cuál es el triple de 25?,Sin especificar,4º Primaria,Matemáticas,CONCEPTO,,0.53,CONCEPTO,,true,
cuarto-primaria-galicia-PARTE1_8,¿Cuál es el doble de 38?,Sin especificar,4º Primaria,Matemáticas,CONCEPTO,,0.53,CONCEPTO,,true,
cuarto-primaria-galicia-PARTE1_9,"Si 8 × ? = 72, ¿cuál es el número que falta?",Sin especificar,4º Primaria,Matemáticas,CONCEPTO,,0.53,CONCEPTO,,true,
cuarto-primaria-galicia-PARTE1_12,¿Qué es mayor: 6 × 8 o 7 × 7?,Sin especificar,4º Primaria,Matemáticas,CONCEPTO,,0.53,CONCEPTO,,true,
cuarto-primaria-galicia-PARTE1_40,¿Qué es mayor: 1/2 o 1/4?,Sin especificar,4º Primaria,Fracciones,CONCEPTO,,0.53,CONCEPTO,,true,
cuarto-primaria-galicia-PARTE1_47,¿Qué es mayor: 2/3 o 1/2?,Sin especificar,4º Primaria,Fracciones,CONCEPTO,,0.53,CONCEPTO,,true,
cuarto-primaria-galicia-PARTE2_10,¿Qué es un ecosistema?,Sin especificar,4º Primaria,Ciencias de la Naturaleza,CONCEPTO,,0.53,CONCEPTO,,true,
cuarto-primaria-galicia-PARTE2_37,¿Cuál es la capital de Galicia?,Sin especificar,4º Primaria,Ciencias Sociales,CONCEPTO,,0.53,CONCEPTO,,true,